filename,width,height,class,xmin,ymin,xmax,ymax
Fish 4.2.mkv4.jpg,1280,720,fish,728,457,785,522
AQ12New ProjectF25.mkv1.jpg,1280,720,fish,230,495,306,523
CS12New ProjectF1.mkv4.jpg,1280,720,fish,1215,219,1264,280
AQ34New ProjectM16.mkv3.jpg,1280,720,fish,1130,220,1206,277
AQ34New ProjectM14.mkv2.jpg,1280,720,fish,535,131,611,167
impaired_4.mkv10.jpg,1280,720,fish,609,225,663,284
impaired_6.mkv4.jpg,1280,720,fish,872,21,933,58
AQ34New ProjectM4.mkv1.jpg,1280,720,fish,638,526,739,583
RE12New ProjectM6.mkv5.jpg,1280,720,fish,679,516,741,566
C12New ProjectF34.mkv5.jpg,1280,720,fish,47,416,100,454
CS34New ProjectM12.mkv7.jpg,1280,720,fish,42,394,133,436
Fish 3.2.mkv4.jpg,1280,720,fish,853,590,908,637
3.mkv1.jpg,1920,1080,fish,751,711,811,822
C12New ProjectF35.mkv2.jpg,1280,720,fish,479,486,533,524
AQ12New ProjectM8.mkv7.jpg,1280,720,fish,515,127,615,155
C12New ProjectM11.mkv2.jpg,1280,720,fish,115,456,183,501
C12New ProjectM27.mkv4.jpg,1280,720,fish,1172,489,1234,515
impaired_4.mkv8.jpg,1280,720,fish,380,52,438,78
impaired_Fish 2.2.mkv4.jpg,1280,720,fish,750,352,787,435
C12New ProjectF34.mkv7.jpg,1280,720,fish,538,484,601,536
AQ34New ProjectM14.mkv5.jpg,1280,720,fish,1202,262,1254,335
impaired_2.mkv7.jpg,1920,1080,fish,716,879,832,926
AQ12New ProjectM13.mkv4.jpg,1280,720,fish,315,444,389,496
RE12New ProjectF9.mkv6.jpg,1280,720,fish,781,420,849,472
AQ34New ProjectM5.mkv7.jpg,1280,720,fish,667,163,750,201
impaired_1.mkv6.jpg,1280,720,fish,489,607,563,643
C12New ProjectM6.mkv7.jpg,1280,720,fish,45,187,109,256
C12New ProjectM24.mkv6.jpg,1280,720,fish,716,419,802,476
AQ34New ProjectF22.mkv1.jpg,1280,720,fish,710,134,760,190
AQ12New ProjectM13.mkv3.jpg,1280,720,fish,726,508,766,592
AQ34New ProjectF13.mkv3.jpg,1280,720,fish,273,207,333,251
C12New ProjectM7.mkv2.jpg,1280,720,fish,1165,427,1222,487
C12New ProjectF14.mkv7.jpg,1280,720,fish,45,183,82,253
RE34New ProjectF5.mkv2.jpg,1280,720,fish,1037,483,1103,514
AQ34New ProjectF28.mkv2.jpg,1280,720,fish,61,210,103,285
C12New ProjectF45.mkv7.jpg,1280,720,fish,437,196,492,251
C12New ProjectM2.mkv3.jpg,1280,720,fish,121,189,227,238
AQ12New ProjectM15.mkv5.jpg,1280,720,fish,645,219,714,293
CS12New ProjectF2.mkv5.jpg,1280,720,fish,807,184,903,214
AQ12New ProjectM1.mkv4.jpg,1280,720,fish,907,170,991,232
C12New ProjectM50.mkv6.jpg,1920,1080,fish,106,580,162,640
RE34New ProjectM24.mkv7.jpg,1280,720,fish,1142,248,1223,325
Fish 3.2.mkv5.jpg,1280,720,fish,455,597,535,626
C12New ProjectF36.mkv5.jpg,1280,720,fish,691,270,754,338
AQ12New ProjectF20.mkv5.jpg,1280,720,fish,623,112,665,204
Fish 2.2 .mkv11.jpg,1280,720,fish,704,450,762,513
AQ12New ProjectF12.mkv6.jpg,1280,720,fish,523,114,555,184
AQ34New ProjectF13.mkv7.jpg,1280,720,fish,202,206,266,247
C12New ProjectM15.mkv5.jpg,1280,720,fish,111,486,213,514
C12New ProjectM12.mkv4.jpg,1280,720,fish,566,101,643,148
C12New ProjectF43.mkv5.jpg,1280,720,fish,1185,439,1237,504
AQ12New ProjectM9.mkv1.jpg,1280,720,fish,591,540,686,576
2.mkv6.jpg,1920,1080,fish,1048,621,1121,657
AQ12New ProjectF24.mkv6.jpg,1280,720,fish,313,214,375,242
C12New ProjectM11.mkv3.jpg,1280,720,fish,146,479,210,526
AQ12New ProjectM3.mkv6.jpg,1280,720,fish,505,144,552,227
3.mkv9.jpg,1920,1080,fish,501,897,607,956
AQ12New ProjectM17.mkv3.jpg,1280,720,fish,1185,404,1259,478
AQ12New ProjectF19.mkv2.jpg,1280,720,fish,566,135,601,208
AQ12New ProjectM17.mkv1.jpg,1280,720,fish,450,479,551,510
C12New ProjectF41.mkv2.jpg,1280,720,fish,746,439,823,476
AQ34New ProjectM6.mkv1.jpg,1280,720,fish,497,163,567,246
CS12New ProjectF1.mkv7.jpg,1280,720,fish,1194,186,1257,232
impaired_4.mkv3.jpg,1280,720,fish,826,58,893,81
AQ34New ProjectM11.mkv2.jpg,1280,720,fish,689,170,773,205
C12New ProjectM3.mkv7.jpg,1280,720,fish,314,185,407,219
AQ34New ProjectF23.mkv4.jpg,1280,720,fish,694,174,737,271
AQ34New ProjectF27.mkv5.jpg,1280,720,fish,1203,277,1243,328
C12New ProjectF39.mkv2.jpg,1280,720,fish,1076,192,1139,240
AQ34New ProjectF26.mkv1.jpg,1280,720,fish,110,255,173,300
C12New ProjectF16.mkv1.jpg,1280,720,fish,410,198,474,255
impaired_1.mkv4.jpg,1280,720,fish,430,129,503,165
C12New ProjectF38.mkv2.jpg,1280,720,fish,73,195,147,234
C12New ProjectM8.mkv4.jpg,1280,720,fish,551,228,629,299
AQ12New ProjectF23.mkv2.jpg,1280,720,fish,714,159,766,236
AQ12New ProjectF23.mkv4.jpg,1280,720,fish,1128,438,1205,495
C12New ProjectM8.mkv5.jpg,1280,720,fish,199,224,291,271
3.mkv8.jpg,1920,1080,fish,978,432,1090,492
AQ34New ProjectF23.mkv5.jpg,1280,720,fish,683,474,727,576
C12New ProjectF40.mkv3.jpg,1280,720,fish,443,463,513,498
C12New ProjectF29.mkv1.jpg,1280,720,fish,686,506,755,550
AQ34New ProjectM11.mkv5.jpg,1280,720,fish,902,505,981,535
C12New ProjectM26.mkv1.jpg,1280,720,fish,307,397,381,438
AQ34New ProjectM12.mkv4.jpg,1280,720,fish,278,211,381,248
impaired_5.mkv1.jpg,1280,720,fish,353,591,422,619
C12New ProjectM7.mkv4.jpg,1280,720,fish,373,435,451,471
C12New ProjectM12.mkv3.jpg,1280,720,fish,567,102,634,180
C12New ProjectF36.mkv7.jpg,1280,720,fish,1025,194,1114,213
RE34New ProjectF32.mkv4.jpg,1280,720,fish,271,250,331,293
AQ34New ProjectM7.mkv4.jpg,1280,720,fish,699,515,753,591
AQ12New ProjectF20.mkv2.jpg,1280,720,fish,567,232,661,273
C12New ProjectF39.mkv5.jpg,1280,720,fish,174,234,253,274
AQ34New ProjectF25.mkv6.jpg,1280,720,fish,382,472,486,519
AQ12New ProjectM4.mkv7.jpg,1280,720,fish,527,212,577,291
Fish 1.2 .mkv4.jpg,1280,720,fish,455,97,523,159
C12New ProjectM47.mkv4.jpg,1280,720,fish,259,261,365,294
AQ12New ProjectF21.mkv2.jpg,1280,720,fish,700,529,754,585
C12New ProjectF18.mkv2.jpg,1280,720,fish,438,175,506,213
C12New ProjectF16.mkv6.jpg,1280,720,fish,53,199,95,258
Fish 5.2 .mkv8.jpg,1280,720,fish,646,599,702,642
AQ12New ProjectF29.mkv4.jpg,1280,720,fish,496,431,551,483
C12New ProjectM21.mkv4.jpg,1280,720,fish,243,482,329,514
impaired_2.mkv1.jpg,1920,1080,fish,552,651,660,701
C12New ProjectF41.mkv4.jpg,1280,720,fish,50,456,85,518
C12New ProjectM20.mkv7.jpg,1280,720,fish,438,186,526,235
Fish 1.2 .mkv3.jpg,1280,720,fish,324,262,360,344
UN12New ProjectF1.mkv5.jpg,1280,720,fish,606,122,646,175
AQ34New ProjectF27.mkv1.jpg,1280,720,fish,443,423,523,460
AQ34New ProjectM3.mkv7.jpg,1280,720,fish,1148,498,1219,533
C12New ProjectF31.mkv5.jpg,1280,720,fish,874,471,961,504
C12New ProjectM10.mkv5.jpg,1280,720,fish,50,185,138,242
Fish 4.2.mkv1.jpg,1280,720,fish,874,565,928,635
AQ34New ProjectF15.mkv5.jpg,1280,720,fish,1181,254,1245,280
C12New ProjectF44.mkv1.jpg,1280,720,fish,69,215,157,271
AQ34New ProjectM9.mkv6.jpg,1280,720,fish,353,222,442,265
C12New ProjectM24.mkv7.jpg,1280,720,fish,700,530,767,595
AQ34New ProjectM14.mkv4.jpg,1280,720,fish,694,130,756,180
AQ34New ProjectM8.mkv3.jpg,1280,720,fish,674,150,758,196
C12New ProjectF35.mkv6.jpg,1280,720,fish,611,415,679,462
C12New ProjectF41.mkv1.jpg,1280,720,fish,1169,258,1241,288
C12New ProjectM4.mkv6.jpg,1280,720,fish,27,247,115,281
AQ34New ProjectF28.mkv3.jpg,1280,720,fish,1070,203,1147,227
C12New ProjectM48.mkv1.jpg,1280,720,fish,82,427,125,496
Fish 3.2.mkv6.jpg,1280,720,fish,715,34,793,66
C12New ProjectM50.mkv4.jpg,1920,1080,fish,115,296,180,363
AQ34New ProjectF27.mkv7.jpg,1280,720,fish,1194,278,1233,328
RE34New ProjectF32.mkv2.jpg,1280,720,fish,351,225,389,290
C12New ProjectM3.mkv2.jpg,1280,720,fish,41,419,109,466
AQ12New ProjectF30.mkv6.jpg,1280,720,fish,597,112,677,134
4.mkv2.jpg,1280,720,fish,833,416,905,442
Fish 4.2.mkv5.jpg,1280,720,fish,705,492,754,548
RE12New ProjectF10.mkv1.jpg,1280,720,fish,723,191,781,222
AQ12New ProjectF29.mkv5.jpg,1280,720,fish,378,479,443,516
AQ12New ProjectF32.mkv1.jpg,1280,720,fish,550,114,626,145
AQ12New ProjectM18.mkv5.jpg,1280,720,fish,34,430,106,473
C12New ProjectF14.mkv4.jpg,1280,720,fish,536,109,591,172
C12New ProjectM11.mkv7.jpg,1280,720,fish,245,435,299,502
C12New ProjectM4.mkv5.jpg,1280,720,fish,42,244,127,282
AQ12New ProjectM5.mkv4.jpg,1280,720,fish,1193,382,1237,439
C12New ProjectM51.mkv4.jpg,1920,1080,fish,408,636,536,751
AQ12New ProjectF28.mkv4.jpg,1280,720,fish,45,438,119,470
AQ12New ProjectM4.mkv4.jpg,1280,720,fish,648,126,742,167
AQ12New ProjectM17.mkv4.jpg,1280,720,fish,1194,423,1260,489
AQ12New ProjectF19.mkv6.jpg,1280,720,fish,1169,453,1239,477
AQ34New ProjectM18.mkv2.jpg,1280,720,fish,835,190,921,223
impaired_1.mkv3.jpg,1280,720,fish,882,420,934,491
C12New ProjectM15.mkv3.jpg,1280,720,fish,42,426,125,495
impaired_Fish 2.2.mkv7.jpg,1280,720,fish,381,618,465,648
impaired_3.mkv1.jpg,1280,720,fish,577,69,639,99
AQ12New ProjectM1.mkv6.jpg,1280,720,fish,29,253,99,304
AQ34New ProjectM3.mkv5.jpg,1280,720,fish,929,412,1013,451
AQ12New ProjectF32.mkv2.jpg,1280,720,fish,626,174,693,235
AQ34New ProjectF22.mkv7.jpg,1280,720,fish,641,296,689,350
AQ34New ProjectM3.mkv6.jpg,1280,720,fish,1145,461,1238,522
RE34New ProjectF3.mkv7.jpg,1280,720,fish,316,498,399,523
impaired_1.mkv8.jpg,1280,720,fish,349,564,394,636
C12New ProjectM47.mkv1.jpg,1280,720,fish,683,570,761,594
AQ12New ProjectF26.mkv6.jpg,1280,720,fish,46,481,111,528
AQ34New ProjectF20.mkv7.jpg,1280,720,fish,697,355,737,417
impaired_3.mkv2.jpg,1280,720,fish,458,370,489,436
1.mkv5.jpg,1280,720,fish,763,502,823,520
AQ34New ProjectM9.mkv7.jpg,1280,720,fish,1162,275,1235,326
AQ34New ProjectM16.mkv6.jpg,1280,720,fish,659,168,726,230
RE12New ProjectF9.mkv4.jpg,1280,720,fish,1228,413,1266,474
C12New ProjectM8.mkv2.jpg,1280,720,fish,1133,460,1231,519
C12New ProjectM49.mkv5.jpg,1920,1080,fish,136,693,291,769
AQ12New ProjectM2.mkv4.jpg,1280,720,fish,577,319,639,398
CS34New ProjectF17.mkv7.jpg,1280,720,fish,511,534,573,561
impaired_1.mkv1.jpg,1280,720,fish,701,126,777,166
C12New ProjectM52.mkv2.jpg,1920,1080,fish,1082,151,1143,240
AQ34New ProjectF25.mkv2.jpg,1280,720,fish,525,162,624,197
AQ34New ProjectM6.mkv3.jpg,1280,720,fish,105,244,190,310
C12New ProjectM17.mkv2.jpg,1280,720,fish,598,476,648,569
Fish 3.2.mkv2.jpg,1280,720,fish,894,557,938,620
AQ12New ProjectM11.mkv7.jpg,1280,720,fish,217,497,310,539
AQ12New ProjectF31.mkv2.jpg,1280,720,fish,808,454,873,508
C12New ProjectF40.mkv5.jpg,1280,720,fish,170,234,246,270
C12New ProjectM26.mkv6.jpg,1280,720,fish,733,107,769,140
AQ12New ProjectF22.mkv5.jpg,1280,720,fish,1171,251,1247,286
AQ34New Projectm1.mkv5.jpg,1280,720,fish,1172,448,1236,517
C12New ProjectM5.mkv5.jpg,1280,720,fish,7,423,73,471
C12New ProjectM13.mkv2.jpg,1280,720,fish,1181,209,1259,266
C12New ProjectM7.mkv5.jpg,1280,720,fish,3,482,75,514
AQ34New ProjectM6.mkv6.jpg,1280,720,fish,895,261,984,302
AQ12New ProjectM5.mkv2.jpg,1280,720,fish,539,456,626,486
AQ12New ProjectM18.mkv1.jpg,1280,720,fish,53,260,110,321
C12New ProjectM13.mkv3.jpg,1280,720,fish,1191,215,1265,268
impaired_2.mkv4.jpg,1920,1080,fish,767,398,866,502
AQ34New ProjectF13.mkv6.jpg,1280,720,fish,381,265,456,305
AQ34New ProjectM2.mkv6.jpg,1280,720,fish,511,263,596,335
5.mkv7.jpg,1280,720,fish,917,558,982,579
UN34New ProjectF1.mkv7.jpg,1280,720,fish,313,456,365,518
AQ34New ProjectM16.mkv7.jpg,1280,720,fish,1207,226,1263,302
AQ34New ProjectF19.mkv7.jpg,1280,720,fish,699,139,751,199
AQ34New ProjectM4.mkv7.jpg,1280,720,fish,975,480,1073,516
AQ34New ProjectF13.mkv1.jpg,1280,720,fish,621,569,688,598
C12New ProjectM23.mkv2.jpg,1280,720,fish,558,230,645,292
2.mkv4.jpg,1920,1080,fish,1275,793,1321,857
impaired_3.mkv5.jpg,1280,720,fish,714,334,746,399
AQ34New ProjectM6.mkv7.jpg,1280,720,fish,386,394,466,428
AQ12New ProjectM33.mkv5.jpg,1280,720,fish,21,460,86,514
AQ34New ProjectF20.mkv1.jpg,1280,720,fish,1188,414,1242,464
C12New ProjectF37.mkv2.jpg,1280,720,fish,170,459,218,507
AQ12New ProjectF12.mkv3.jpg,1280,720,fish,679,104,717,159
AQ34New ProjectF27.mkv4.jpg,1280,720,fish,1004,419,1073,460
AQ12New ProjectM14.mkv6.jpg,1280,720,fish,547,111,619,147
AQ34New ProjectF20.mkv6.jpg,1280,720,fish,1151,406,1210,450
AQ12New ProjectF29.mkv6.jpg,1280,720,fish,1036,468,1107,498
Fish 2.2 .mkv1.jpg,1280,720,fish,695,486,775,536
C12New ProjectF38.mkv3.jpg,1280,720,fish,577,104,638,164
AQ12New ProjectF29.mkv3.jpg,1280,720,fish,412,459,475,511
C12New ProjectF34.mkv2.jpg,1280,720,fish,59,199,96,260
AQ12New ProjectM33.mkv6.jpg,1280,720,fish,529,548,583,594
AQ12New ProjectM7.mkv5.jpg,1280,720,fish,542,490,609,551
C12New ProjectM10.mkv3.jpg,1280,720,fish,623,105,694,194
AQ34New ProjectM8.mkv6.jpg,1280,720,fish,970,473,1072,510
AQ34New ProjectM8.mkv5.jpg,1280,720,fish,525,528,603,592
C12New ProjectF37.mkv3.jpg,1280,720,fish,543,506,583,565
C12New ProjectF32.mkv2.jpg,1280,720,fish,651,401,719,443
C12New ProjectM49.mkv2.jpg,1920,1080,fish,360,711,524,777
impaired_4.mkv9.jpg,1280,720,fish,619,192,663,242
AQ34New ProjectF24.mkv5.jpg,1280,720,fish,40,428,118,468
impaired_6.mkv10.jpg,1280,720,fish,772,287,821,334
AQ12New ProjectM17.mkv5.jpg,1280,720,fish,1204,378,1252,448
C12New ProjectF35.mkv3.jpg,1280,720,fish,50,213,110,276
Fish 4.2.mkv7.jpg,1280,720,fish,757,392,793,468
AQ34New ProjectF22.mkv6.jpg,1280,720,fish,1186,212,1241,266
AQ12New ProjectF12.mkv1.jpg,1280,720,fish,574,111,655,134
impaired_Fish 2.2.mkv6.jpg,1280,720,fish,626,315,659,384
AQ12New ProjectM1.mkv5.jpg,1280,720,fish,506,120,553,200
AQ34New ProjectF27.mkv3.jpg,1280,720,fish,526,555,585,594
C12New ProjectF40.mkv6.jpg,1280,720,fish,867,476,918,507
AQ34New ProjectF30.mkv2.jpg,1280,720,fish,693,508,753,560
Fish 5.2 .mkv1.jpg,1280,720,fish,615,424,675,469
AQ12New ProjectF19.mkv1.jpg,1280,720,fish,438,215,476,286
AQ12New ProjectF10.mkv4.jpg,1280,720,fish,569,514,618,595
2.mkv5.jpg,1920,1080,fish,999,710,1054,786
AQ12New ProjectM11.mkv4.jpg,1280,720,fish,701,535,767,578
UN34New ProjectF3.mkv1.jpg,1280,720,fish,443,415,525,467
C12New ProjectM28.mkv5.jpg,1280,720,fish,75,224,109,280
CS34New ProjectF2.mkv1.jpg,1280,720,fish,472,229,543,284
AQ34New ProjectF26.mkv2.jpg,1280,720,fish,85,183,126,252
AQ12New ProjectM2.mkv2.jpg,1280,720,fish,680,496,731,588
AQ34New ProjectM4.mkv6.jpg,1280,720,fish,1135,258,1235,325
AQ34New ProjectM18.mkv3.jpg,1280,720,fish,1214,216,1271,262
C12New ProjectM3.mkv4.jpg,1280,720,fish,126,479,178,531
AQ12New ProjectF27.mkv6.jpg,1280,720,fish,79,476,138,531
UN34New ProjectF1.mkv6.jpg,1280,720,fish,423,449,504,480
impaired_5.mkv8.jpg,1280,720,fish,617,63,683,86
AQ34New ProjectF20.mkv2.jpg,1280,720,fish,892,209,963,243
AQ12New ProjectF27.mkv1.jpg,1280,720,fish,834,468,910,500
Fish 5.2 .mkv4.jpg,1280,720,fish,697,122,766,155
AQ12New ProjectM16.mkv2.jpg,1280,720,fish,26,226,90,264
AQ12New ProjectM13.mkv5.jpg,1280,720,fish,1132,436,1233,484
RE34New ProjectM24.mkv4.jpg,1280,720,fish,535,147,618,184
C12New ProjectF18.mkv5.jpg,1280,720,fish,429,243,507,280
AQ34New Projectm1.mkv7.jpg,1280,720,fish,1170,442,1232,519
AQ34New ProjectM5.mkv5.jpg,1280,720,fish,325,247,407,302
RE34New ProjectF5.mkv8.jpg,1280,720,fish,727,489,791,514
C12New ProjectM5.mkv2.jpg,1280,720,fish,43,471,90,523
C12New ProjectM13.mkv4.jpg,1280,720,fish,262,403,358,459
AQ34New ProjectM4.mkv3.jpg,1280,720,fish,833,395,927,449
AQ34New ProjectM10.mkv4.jpg,1920,1080,fish,1465,296,1572,394
C12New ProjectM8.mkv7.jpg,1280,720,fish,298,238,385,296
C12New ProjectF36.mkv1.jpg,1280,720,fish,146,390,191,451
Fish 5.2 .mkv9.jpg,1280,720,fish,399,39,462,84
C12New ProjectM9.mkv1.jpg,1280,720,fish,954,216,1025,255
CS34New ProjectF18.mkv2.jpg,1280,720,fish,600,130,659,219
AQ12New ProjectF27.mkv7.jpg,1280,720,fish,1185,408,1253,447
AQ12New ProjectF32.mkv3.jpg,1280,720,fish,705,507,769,581
Fish 5.2 .mkv5.jpg,1280,720,fish,381,308,422,384
C12New ProjectM4.mkv2.jpg,1280,720,fish,94,263,203,297
C12New ProjectM28.mkv1.jpg,1280,720,fish,567,118,620,146
1.mkv3.jpg,1280,720,fish,599,377,643,419
1.mkv11.jpg,1280,720,fish,699,550,735,598
AQ34New ProjectM11.mkv4.jpg,1280,720,fish,758,260,845,306
impaired_Fish 2.2.mkv5.jpg,1280,720,fish,625,232,693,280
impaired_Fish 2.2.mkv8.jpg,1280,720,fish,489,444,555,490
RE12New ProjectF9.mkv5.jpg,1280,720,fish,1107,404,1156,480
impaired_7.mkv11.jpg,1280,720,fish,381,192,411,253
C12New ProjectM7.mkv7.jpg,1280,720,fish,1177,222,1246,259
AQ12New ProjectF12.mkv7.jpg,1280,720,fish,393,205,463,225
AQ34New ProjectM5.mkv6.jpg,1280,720,fish,1175,259,1225,325
impaired_1.mkv5.jpg,1280,720,fish,489,572,553,624
CS12New ProjectF2.mkv6.jpg,1280,720,fish,60,190,127,248
Fish 3.2.mkv1.jpg,1280,720,fish,902,172,941,243
C12New ProjectF45.mkv5.jpg,1280,720,fish,558,398,613,468
AQ34New ProjectF28.mkv7.jpg,1280,720,fish,318,251,391,300
C12New ProjectM26.mkv7.jpg,1280,720,fish,624,106,695,132
AQ12New ProjectF19.mkv7.jpg,1280,720,fish,632,331,693,368
AQ12New ProjectM14.mkv5.jpg,1280,720,fish,681,110,753,144
Fish 1.2 .mkv2.jpg,1280,720,fish,748,552,814,604
UN34New ProjectF5.mkv3.jpg,1280,720,fish,1025,497,1112,531
C12New ProjectM28.mkv7.jpg,1280,720,fish,650,116,713,141
C12New ProjectF30.mkv7.jpg,1280,720,fish,858,196,920,224
impaired_4.mkv5.jpg,1280,720,fish,718,60,788,83
AQ34New ProjectM18.mkv4.jpg,1280,720,fish,1086,203,1167,255
4.mkv10.jpg,1280,720,fish,598,71,662,93
AQ12New ProjectM15.mkv3.jpg,1280,720,fish,189,493,292,530
AQ34New ProjectF25.mkv5.jpg,1280,720,fish,833,255,944,294
impaired_4.mkv11.jpg,1280,720,fish,510,47,562,84
C12New ProjectM19.mkv5.jpg,1280,720,fish,33,453,112,503
C12New ProjectM23.mkv1.jpg,1280,720,fish,418,432,517,469
C12New ProjectM1.mkv2.jpg,1280,720,fish,626,120,714,183
C12New ProjectM48.mkv7.jpg,1280,720,fish,531,383,606,415
C12New ProjectM12.mkv7.jpg,1280,720,fish,1145,216,1189,302
AQ34New ProjectM10.mkv7.jpg,1920,1080,fish,1012,609,1124,674
C12New ProjectM8.mkv6.jpg,1280,720,fish,767,224,854,277
impaired_Fish 2.2.mkv2.jpg,1280,720,fish,473,327,529,410
AQ12New ProjectF28.mkv3.jpg,1280,720,fish,935,408,1006,440
AQ12New ProjectF19.mkv5.jpg,1280,720,fish,58,494,128,524
Fish 1.2 .mkv1.jpg,1280,720,fish,341,384,395,454
C12New ProjectM17.mkv3.jpg,1280,720,fish,663,548,764,580
AQ12New ProjectF20.mkv3.jpg,1280,720,fish,678,466,744,546
AQ34New ProjectF20.mkv4.jpg,1280,720,fish,807,399,875,426
AQ12New ProjectM14.mkv7.jpg,1280,720,fish,519,109,556,168
AQ12New ProjectM9.mkv7.jpg,1280,720,fish,364,444,461,482
AQ34New ProjectM16.mkv4.jpg,1280,720,fish,1169,275,1218,339
AQ12New ProjectF23.mkv7.jpg,1280,720,fish,31,460,72,522
4.mkv11.jpg,1280,720,fish,397,573,461,598
C12New ProjectF43.mkv6.jpg,1280,720,fish,569,556,629,594
CS34New ProjectF18.mkv6.jpg,1280,720,fish,162,435,251,491
UN34New ProjectF3.mkv4.jpg,1280,720,fish,736,466,834,492
AQ34New ProjectF15.mkv3.jpg,1280,720,fish,1202,275,1238,323
5.mkv5.jpg,1280,720,fish,360,160,410,206
AQ12New ProjectF22.mkv3.jpg,1280,720,fish,1151,234,1220,303
C12New ProjectM52.mkv3.jpg,1920,1080,fish,976,150,1055,192
impaired_6.mkv1.jpg,1280,720,fish,460,70,516,110
C12New ProjectM7.mkv6.jpg,1280,720,fish,98,268,154,306
AQ12New ProjectF32.mkv6.jpg,1280,720,fish,1205,233,1241,302
C12New ProjectM12.mkv1.jpg,1280,720,fish,49,410,129,476
AQ12New ProjectF26.mkv3.jpg,1280,720,fish,169,498,246,525
1.mkv10.jpg,1280,720,fish,476,394,518,439
AQ12New ProjectM33.mkv2.jpg,1280,720,fish,1137,226,1180,282
C12New ProjectM5.mkv3.jpg,1280,720,fish,162,471,207,530
C12New ProjectM49.mkv3.jpg,1920,1080,fish,1074,737,1152,774
Fish 1.2 .mkv11.jpg,1280,720,fish,425,139,490,211
C12New ProjectF29.mkv6.jpg,1280,720,fish,630,567,709,603
CS34New ProjectF17.mkv6.jpg,1280,720,fish,931,466,972,526
C12New ProjectF42.mkv7.jpg,1280,720,fish,1141,463,1235,499
AQ12New ProjectF26.mkv5.jpg,1280,720,fish,79,467,128,526
AQ34New ProjectF26.mkv7.jpg,1280,720,fish,49,192,122,226
AQ34New Projectm1.mkv4.jpg,1280,720,fish,692,524,759,598
C12New ProjectM24.mkv2.jpg,1280,720,fish,28,408,106,455
CS12New ProjectF2.mkv2.jpg,1280,720,fish,654,101,726,155
AQ34New ProjectF30.mkv7.jpg,1280,720,fish,30,219,111,261
RE34New ProjectF5.mkv3.jpg,1280,720,fish,655,312,736,340
AQ34New ProjectM16.mkv1.jpg,1280,720,fish,766,279,845,319
RE34New ProjectF5.mkv5.jpg,1280,720,fish,717,187,761,259
Fish 1.2 .mkv7.jpg,1280,720,fish,825,75,913,118
impaired_1.mkv9.jpg,1280,720,fish,362,387,410,455
4.mkv6.jpg,1280,720,fish,588,218,630,283
C12New ProjectF39.mkv6.jpg,1280,720,fish,871,480,929,507
impaired_7.mkv4.jpg,1280,720,fish,370,555,398,622
AQ12New ProjectF29.mkv7.jpg,1280,720,fish,254,492,323,518
AQ12New ProjectM16.mkv7.jpg,1280,720,fish,33,258,103,310
C12New ProjectF42.mkv1.jpg,1280,720,fish,136,394,226,414
AQ34New ProjectF20.mkv5.jpg,1280,720,fish,1208,432,1254,497
C12New ProjectF31.mkv2.jpg,1280,720,fish,426,436,497,478
impaired_6.mkv6.jpg,1280,720,fish,341,453,395,498
impaired_6.mkv6.jpg,1280,720,fish,425,691,483,720
AQ12New ProjectF31.mkv1.jpg,1280,720,fish,809,452,871,506
AQ34New ProjectF24.mkv4.jpg,1280,720,fish,517,511,599,542
impaired_3.mkv7.jpg,1280,720,fish,739,279,774,339
3.mkv5.jpg,1920,1080,fish,848,254,952,316
C12New ProjectF45.mkv1.jpg,1280,720,fish,1170,456,1212,509
AQ34New ProjectM3.mkv1.jpg,1280,720,fish,1188,474,1240,531
C12New ProjectF32.mkv3.jpg,1280,720,fish,568,104,639,126
3.mkv4.jpg,1920,1080,fish,986,707,1076,804
Fish 2.2 .mkv7.jpg,1280,720,fish,662,403,749,434
C12New ProjectF39.mkv7.jpg,1280,720,fish,527,558,595,592
C12New ProjectM4.mkv7.jpg,1280,720,fish,36,191,124,257
C12New ProjectF33.mkv4.jpg,1280,720,fish,65,255,105,300
AQ12New ProjectF25.mkv4.jpg,1280,720,fish,120,496,192,526
C12New ProjectM27.mkv3.jpg,1280,720,fish,1161,214,1237,255
1.mkv6.jpg,1280,720,fish,466,556,509,603
AQ34New ProjectM11.mkv6.jpg,1280,720,fish,529,151,581,230
AQ12New ProjectM18.mkv4.jpg,1280,720,fish,59,426,126,460
AQ34New ProjectM2.mkv4.jpg,1280,720,fish,391,210,419,315
AQ12New ProjectF22.mkv4.jpg,1280,720,fish,662,243,757,275
AQ12New ProjectF25.mkv6.jpg,1280,720,fish,47,476,118,532
Fish 4.2.mkv2.jpg,1280,720,fish,469,40,534,100
AQ12New ProjectF30.mkv7.jpg,1280,720,fish,624,109,704,139
C12New ProjectM51.mkv1.jpg,1920,1080,fish,611,659,754,750
C12New ProjectF31.mkv3.jpg,1280,720,fish,1078,462,1170,493
C12New ProjectF18.mkv3.jpg,1280,720,fish,54,169,85,242
AQ12New ProjectF10.mkv2.jpg,1280,720,fish,1166,211,1234,243
C12New ProjectM1.mkv4.jpg,1280,720,fish,133,504,224,532
AQ34New ProjectF29.mkv2.jpg,1280,720,fish,395,254,425,316
C12New ProjectF32.mkv6.jpg,1280,720,fish,587,103,657,136
C12New ProjectM48.mkv2.jpg,1280,720,fish,454,192,515,255
C12New ProjectF38.mkv7.jpg,1280,720,fish,648,123,677,204
C12New ProjectF43.mkv1.jpg,1280,720,fish,241,426,317,450
AQ34New ProjectF26.mkv4.jpg,1280,720,fish,527,528,567,592
C12New ProjectF40.mkv7.jpg,1280,720,fish,522,552,596,588
AQ34New ProjectM14.mkv3.jpg,1280,720,fish,694,127,759,193
AQ34New ProjectM6.mkv2.jpg,1280,720,fish,198,283,303,315
impaired_5.mkv10.jpg,1280,720,fish,802,604,863,630
AQ34New ProjectM8.mkv1.jpg,1280,720,fish,698,120,763,183
AQ34New Projectm1.mkv2.jpg,1280,720,fish,522,461,570,552
AQ12New ProjectM18.mkv6.jpg,1280,720,fish,38,434,115,464
4.mkv8.jpg,1280,720,fish,803,629,865,654
4.mkv8.jpg,1280,720,fish,1023,292,1042,353
AQ12New ProjectM7.mkv1.jpg,1280,720,fish,57,245,93,311
AQ12New ProjectF24.mkv4.jpg,1280,720,fish,610,282,637,351
AQ34New ProjectF21.mkv7.jpg,1280,720,fish,963,499,1026,526
AQ34New ProjectF28.mkv6.jpg,1280,720,fish,699,494,754,531
C12New ProjectM11.mkv4.jpg,1280,720,fish,735,546,770,593
AQ34New ProjectM12.mkv3.jpg,1280,720,fish,553,545,671,586
AQ12New ProjectM4.mkv3.jpg,1280,720,fish,707,129,751,203
AQ12New ProjectM16.mkv6.jpg,1280,720,fish,47,246,98,311
AQ12New ProjectM5.mkv1.jpg,1280,720,fish,699,122,735,203
AQ12New ProjectM6.mkv5.jpg,1280,720,fish,1080,232,1165,278
AQ34New ProjectF19.mkv1.jpg,1280,720,fish,30,256,116,282
Fish 1.2 .mkv8.jpg,1280,720,fish,515,567,592,602
AQ12New ProjectM13.mkv2.jpg,1280,720,fish,1153,451,1243,500
AQ12New ProjectF31.mkv6.jpg,1280,720,fish,962,177,1047,215
AQ34New ProjectF30.mkv3.jpg,1280,720,fish,327,386,413,420
AQ34New ProjectM6.mkv4.jpg,1280,720,fish,39,402,122,455
UN34New ProjectF3.mkv7.jpg,1280,720,fish,133,452,218,489
AQ34New ProjectM11.mkv1.jpg,1280,720,fish,1173,280,1258,328
AQ34New ProjectF29.mkv5.jpg,1280,720,fish,1051,216,1122,248
AQ12New ProjectF27.mkv3.jpg,1280,720,fish,101,488,163,526
1.mkv1.jpg,1280,720,fish,499,243,550,267
AQ34New ProjectM14.mkv7.jpg,1280,720,fish,150,199,225,230
impaired_3.mkv8.jpg,1280,720,fish,819,522,863,576
C12New ProjectF46.mkv5.jpg,1280,720,fish,50,177,119,238
UN34New ProjectF1.mkv5.jpg,1280,720,fish,705,549,767,577
AQ12New ProjectM3.mkv4.jpg,1280,720,fish,30,252,75,314
AQ12New ProjectM13.mkv1.jpg,1280,720,fish,434,487,539,519
C12New ProjectF44.mkv6.jpg,1280,720,fish,55,196,118,262
AQ12New ProjectF32.mkv7.jpg,1280,720,fish,1205,202,1257,267
AQ34New ProjectM5.mkv2.jpg,1280,720,fish,881,462,962,514
AQ34New ProjectF22.mkv3.jpg,1280,720,fish,818,390,879,429
AQ34New ProjectF19.mkv2.jpg,1280,720,fish,714,465,771,517
CS34New ProjectM12.mkv5.jpg,1280,720,fish,1073,479,1147,526
C12New ProjectM24.mkv3.jpg,1280,720,fish,737,235,810,310
1.mkv7.jpg,1280,720,fish,809,487,853,533
AQ12New ProjectF10.mkv3.jpg,1280,720,fish,797,241,878,291
C12New ProjectM49.mkv1.jpg,1920,1080,fish,249,656,322,763
CS34New ProjectF2.mkv4.jpg,1280,720,fish,305,384,400,412
C12New ProjectF44.mkv3.jpg,1280,720,fish,458,432,551,468
impaired_3.mkv11.jpg,1280,720,fish,885,57,943,86
RE12New ProjectF9.mkv3.jpg,1280,720,fish,94,182,134,267
AQ12New ProjectF29.mkv2.jpg,1280,720,fish,1161,466,1234,500
AQ12New ProjectM15.mkv6.jpg,1280,720,fish,1123,223,1210,284
1.mkv4.jpg,1280,720,fish,562,431,588,484
AQ12New ProjectM16.mkv5.jpg,1280,720,fish,30,262,95,311
AQ12New ProjectF22.mkv7.jpg,1280,720,fish,1159,230,1231,298
impaired_5.mkv5.jpg,1280,720,fish,883,138,915,191
AQ34New ProjectF29.mkv6.jpg,1280,720,fish,1146,282,1206,326
5.mkv1.jpg,1280,720,fish,856,54,898,120
C12New ProjectM5.mkv4.jpg,1280,720,fish,21,490,66,523
C12New ProjectF38.mkv4.jpg,1280,720,fish,635,107,682,179
AQ12New ProjectF21.mkv4.jpg,1280,720,fish,1024,475,1103,506
C12New ProjectF39.mkv1.jpg,1280,720,fish,839,455,883,512
AQ34New ProjectF29.mkv4.jpg,1280,720,fish,1070,292,1142,320
AQ12New ProjectM11.mkv6.jpg,1280,720,fish,537,547,607,587
C12New ProjectF29.mkv2.jpg,1280,720,fish,629,130,698,167
AQ12New ProjectM5.mkv6.jpg,1280,720,fish,34,194,75,246
CS34New ProjectF18.mkv7.jpg,1280,720,fish,699,446,751,506
C12New ProjectM47.mkv7.jpg,1280,720,fish,91,402,177,472
2.mkv2.jpg,1920,1080,fish,1266,428,1339,498
C12New ProjectM25.mkv3.jpg,1280,720,fish,1170,187,1238,219
impaired_6.mkv7.jpg,1280,720,fish,333,351,373,402
AQ12New ProjectF28.mkv6.jpg,1280,720,fish,234,204,318,232
RE12New ProjectF9.mkv1.jpg,1280,720,fish,761,218,840,250
Fish 4.2.mkv9.jpg,1280,720,fish,847,486,887,557
AQ12New ProjectM1.mkv3.jpg,1280,720,fish,501,140,577,191
C12New ProjectM4.mkv4.jpg,1280,720,fish,726,127,778,227
AQ34New ProjectM8.mkv7.jpg,1280,720,fish,529,130,602,193
AQ34New ProjectM16.mkv2.jpg,1280,720,fish,546,148,586,214
C12New ProjectF14.mkv3.jpg,1280,720,fish,669,346,728,389
C12New ProjectM52.mkv7.jpg,1920,1080,fish,72,594,122,671
C12New ProjectF36.mkv3.jpg,1280,720,fish,709,488,756,554
5.mkv4.jpg,1280,720,fish,355,140,405,171
impaired_7.mkv10.jpg,1280,720,fish,375,456,405,526
AQ12New ProjectF24.mkv7.jpg,1280,720,fish,632,387,669,455
C12New ProjectM19.mkv3.jpg,1280,720,fish,194,264,289,301
AQ12New ProjectF10.mkv1.jpg,1280,720,fish,154,221,235,240
C12New ProjectM20.mkv6.jpg,1280,720,fish,541,105,632,134
Fish 2.2 .mkv5.jpg,1280,720,fish,330,351,372,431
AQ12New ProjectM33.mkv4.jpg,1280,720,fish,50,454,134,527
C12New ProjectF30.mkv3.jpg,1280,720,fish,1111,280,1173,311
C12New ProjectF31.mkv6.jpg,1280,720,fish,695,418,778,448
impaired_2.mkv6.jpg,1920,1080,fish,1106,89,1162,229
C12New ProjectF18.mkv7.jpg,1280,720,fish,584,112,622,162
C12New ProjectF44.mkv2.jpg,1280,720,fish,537,116,618,167
C12New ProjectM28.mkv6.jpg,1280,720,fish,618,119,682,142
AQ12New ProjectM1.mkv1.jpg,1280,720,fish,618,114,702,172
2.mkv1.jpg,1920,1080,fish,1319,438,1371,508
Fish 2.2 .mkv4.jpg,1280,720,fish,645,327,700,400
AQ34New ProjectF17.mkv3.jpg,1280,720,fish,1209,296,1248,338
impaired_2.mkv9.jpg,1920,1080,fish,1208,298,1336,346
C12New ProjectF31.mkv4.jpg,1280,720,fish,1197,251,1266,296
C12New ProjectF36.mkv4.jpg,1280,720,fish,648,204,727,237
5.mkv6.jpg,1280,720,fish,527,650,605,672
AQ34New ProjectF24.mkv2.jpg,1280,720,fish,656,541,723,579
C12New ProjectM24.mkv1.jpg,1280,720,fish,1073,205,1148,239
AQ34New ProjectF26.mkv3.jpg,1280,720,fish,85,180,153,227
impaired_2.mkv10.jpg,1920,1080,fish,1119,800,1225,878
C12New ProjectF37.mkv6.jpg,1280,720,fish,387,468,433,524
C12New ProjectM47.mkv2.jpg,1280,720,fish,734,465,809,542
AQ34New ProjectM12.mkv5.jpg,1280,720,fish,1115,209,1203,244
AQ12New ProjectF30.mkv5.jpg,1280,720,fish,487,197,564,224
C12New ProjectM22.mkv4.jpg,1280,720,fish,697,551,759,612
C12New ProjectM28.mkv2.jpg,1280,720,fish,543,122,593,158
C12New ProjectM49.mkv7.jpg,1920,1080,fish,793,823,931,879
C12New ProjectF33.mkv7.jpg,1280,720,fish,714,537,762,601
C12New ProjectM50.mkv7.jpg,1920,1080,fish,677,264,783,306
UN34New ProjectF1.mkv4.jpg,1280,720,fish,239,491,325,515
C12New ProjectF40.mkv1.jpg,1280,720,fish,833,454,872,509
RE34New ProjectF5.mkv6.jpg,1280,720,fish,904,459,970,502
AQ12New ProjectM7.mkv6.jpg,1280,720,fish,117,472,162,524
Fish 5.2 .mkv7.jpg,1280,720,fish,736,58,801,87
AQ34New ProjectF17.mkv2.jpg,1280,720,fish,711,178,769,212
AQ34New ProjectM12.mkv6.jpg,1280,720,fish,46,258,138,298
C12New ProjectM10.mkv2.jpg,1280,720,fish,582,99,650,188
AQ34New Projectm1.mkv6.jpg,1280,720,fish,1098,419,1135,498
AQ12New ProjectM6.mkv1.jpg,1280,720,fish,994,190,1089,226
impaired_4.mkv2.jpg,1280,720,fish,375,207,417,274
AQ12New ProjectF23.mkv1.jpg,1280,720,fish,48,446,128,488
AQ34New ProjectM4.mkv2.jpg,1280,720,fish,557,508,627,588
AQ34New ProjectM9.mkv1.jpg,1280,720,fish,1106,422,1197,482
AQ12New ProjectM8.mkv1.jpg,1280,720,fish,430,194,525,224
impaired_5.mkv7.jpg,1280,720,fish,728,58,797,82
3.mkv11.jpg,1920,1080,fish,1048,258,1163,295
impaired_5.mkv2.jpg,1280,720,fish,347,155,371,217
AQ34New ProjectM12.mkv1.jpg,1280,720,fish,657,267,747,308
Fish 3.2.mkv7.jpg,1280,720,fish,321,55,361,134
AQ12New ProjectF21.mkv7.jpg,1280,720,fish,553,562,618,596
AQ34New ProjectF19.mkv4.jpg,1280,720,fish,113,417,187,460
CS34New ProjectF18.mkv3.jpg,1280,720,fish,499,380,556,444
AQ12New ProjectM7.mkv3.jpg,1280,720,fish,702,413,739,507
AQ34New ProjectF19.mkv6.jpg,1280,720,fish,840,400,919,438
AQ34New ProjectM2.mkv3.jpg,1280,720,fish,361,263,461,313
Fish 3.2.mkv9.jpg,1280,720,fish,619,593,694,628
impaired_3.mkv9.jpg,1280,720,fish,421,191,450,258
AQ34New ProjectM18.mkv5.jpg,1280,720,fish,217,188,309,224
AQ34New ProjectM18.mkv1.jpg,1280,720,fish,1205,226,1280,257
AQ34New ProjectF15.mkv6.jpg,1280,720,fish,1208,251,1254,308
impaired_Fish 2.2.mkv3.jpg,1280,720,fish,531,344,598,400
AQ12New ProjectM4.mkv2.jpg,1280,720,fish,891,208,981,239
C12New ProjectM3.mkv6.jpg,1280,720,fish,6,431,79,474
UN34New ProjectF5.mkv1.jpg,1280,720,fish,873,451,955,493
AQ34New ProjectF22.mkv4.jpg,1280,720,fish,998,286,1067,315
C12New ProjectM27.mkv7.jpg,1280,720,fish,711,548,764,590
AQ12New ProjectF22.mkv6.jpg,1280,720,fish,1196,199,1246,258
AQ34New ProjectM6.mkv5.jpg,1280,720,fish,38,221,103,306
AQ34New ProjectM11.mkv3.jpg,1280,720,fish,181,489,277,526
C12New ProjectM2.mkv4.jpg,1280,720,fish,163,260,262,293
AQ12New ProjectM9.mkv2.jpg,1280,720,fish,597,536,689,576
AQ12New ProjectM17.mkv6.jpg,1280,720,fish,1192,422,1260,463
AQ34New ProjectM9.mkv4.jpg,1280,720,fish,523,147,599,194
C12New ProjectM3.mkv3.jpg,1280,720,fish,1,412,73,460
C12New ProjectM12.mkv2.jpg,1280,720,fish,550,104,640,146
Fish 4.2.mkv10.jpg,1280,720,fish,886,496,933,571
C12New ProjectF35.mkv1.jpg,1280,720,fish,77,407,115,476
C12New ProjectM13.mkv5.jpg,1280,720,fish,1061,474,1147,515
C12New ProjectM25.mkv1.jpg,1280,720,fish,273,403,339,458
4.mkv3.jpg,1280,720,fish,573,603,638,646
AQ12New ProjectM2.mkv5.jpg,1280,720,fish,717,113,757,199
4.mkv7.jpg,1280,720,fish,585,82,611,152
C12New ProjectM52.mkv5.jpg,1920,1080,fish,1211,676,1307,745
AQ12New ProjectF32.mkv4.jpg,1280,720,fish,1177,239,1249,292
C12New ProjectM1.mkv7.jpg,1280,720,fish,23,411,116,451
C12New ProjectM52.mkv6.jpg,1920,1080,fish,335,339,418,430
AQ12New ProjectF27.mkv5.jpg,1280,720,fish,1183,259,1255,283
AQ34New ProjectF21.mkv5.jpg,1280,720,fish,35,261,82,300
C12New ProjectF29.mkv3.jpg,1280,720,fish,545,525,579,596
AQ34New ProjectF29.mkv1.jpg,1280,720,fish,1198,238,1253,291
AQ12New ProjectM9.mkv6.jpg,1280,720,fish,296,469,380,528
impaired_6.mkv2.jpg,1280,720,fish,339,76,377,139
AQ12New ProjectM8.mkv4.jpg,1280,720,fish,922,186,1022,219
AQ12New ProjectF27.mkv4.jpg,1280,720,fish,624,456,666,523
C12New ProjectM3.mkv5.jpg,1280,720,fish,11,456,54,524
AQ12New ProjectF29.mkv1.jpg,1280,720,fish,473,199,547,237
AQ12New ProjectF31.mkv7.jpg,1280,720,fish,597,112,670,138
AQ12New ProjectF24.mkv2.jpg,1280,720,fish,690,109,739,146
C12New ProjectM15.mkv6.jpg,1280,720,fish,1046,455,1130,508
C12New ProjectM23.mkv6.jpg,1280,720,fish,538,512,570,574
AQ12New ProjectM2.mkv6.jpg,1280,720,fish,78,226,122,295
impaired_5.mkv4.jpg,1280,720,fish,877,122,906,182
Fish 4.2.mkv8.jpg,1280,720,fish,792,446,834,507
C12New ProjectM48.mkv5.jpg,1280,720,fish,615,378,679,436
C12New ProjectF41.mkv5.jpg,1280,720,fish,232,475,295,510
impaired_7.mkv9.jpg,1280,720,fish,885,236,915,302
AQ12New ProjectM33.mkv1.jpg,1280,720,fish,56,183,97,263
1.mkv2.jpg,1280,720,fish,378,145,411,179
AQ12New ProjectM8.mkv2.jpg,1280,720,fish,1162,178,1239,253
RE12New ProjectF9.mkv7.jpg,1280,720,fish,137,435,200,495
C12New ProjectM15.mkv7.jpg,1280,720,fish,151,404,207,486
AQ12New ProjectM15.mkv4.jpg,1280,720,fish,582,407,663,470
CS12New ProjectF1.mkv2.jpg,1280,720,fish,1137,181,1215,226
C12New ProjectM51.mkv6.jpg,1920,1080,fish,60,610,145,699
C12New ProjectF32.mkv5.jpg,1280,720,fish,71,420,110,488
impaired_2.mkv8.jpg,1920,1080,fish,851,894,966,935
Fish 5.2 .mkv10.jpg,1280,720,fish,317,542,365,623
C12New ProjectM13.mkv7.jpg,1280,720,fish,462,441,554,488
C12New ProjectF14.mkv2.jpg,1280,720,fish,931,239,1007,271
AQ12New ProjectM18.mkv2.jpg,1280,720,fish,34,250,105,295
C12New ProjectF30.mkv4.jpg,1280,720,fish,991,465,1058,488
C12New ProjectM20.mkv4.jpg,1280,720,fish,51,201,114,277
AQ12New ProjectF34.mkv5.jpg,1280,720,fish,40,426,85,480
AQ34New ProjectF17.mkv7.jpg,1280,720,fish,546,166,586,210
AQ34New ProjectM4.mkv5.jpg,1280,720,fish,634,525,734,576
AQ12New ProjectM14.mkv2.jpg,1280,720,fish,571,111,636,163
RE34New ProjectF3.mkv6.jpg,1280,720,fish,550,387,601,458
AQ12New ProjectF30.mkv4.jpg,1280,720,fish,190,205,277,228
C34New ProjectF22.mkv2.jpg,1280,720,fish,217,266,294,308
impaired_Fish 2.2.mkv1.jpg,1280,720,fish,469,457,549,495
C12New ProjectM22.mkv7.jpg,1280,720,fish,926,416,1024,456
C12New ProjectM6.mkv5.jpg,1280,720,fish,713,101,762,135
C12New ProjectM22.mkv1.jpg,1280,720,fish,41,435,132,492
UN34New ProjectF3.mkv3.jpg,1280,720,fish,1057,422,1124,479
UN12New ProjectF1.mkv4.jpg,1280,720,fish,1097,240,1164,269
C12New ProjectM19.mkv6.jpg,1280,720,fish,25,406,101,480
AQ12New ProjectM5.mkv3.jpg,1280,720,fish,78,482,135,527
C12New ProjectM51.mkv7.jpg,1920,1080,fish,1320,676,1488,738
AQ12New ProjectM1.mkv2.jpg,1280,720,fish,781,419,863,478
C12New ProjectM51.mkv2.jpg,1920,1080,fish,475,626,636,710
AQ12New ProjectF26.mkv4.jpg,1280,720,fish,116,493,188,528
AQ34New ProjectF30.mkv5.jpg,1280,720,fish,31,195,102,252
C12New ProjectM10.mkv7.jpg,1280,720,fish,598,96,697,135
AQ12New ProjectF30.mkv3.jpg,1280,720,fish,707,113,749,178
AQ12New ProjectF20.mkv7.jpg,1280,720,fish,648,296,681,400
impaired_7.mkv1.jpg,1280,720,fish,856,86,910,139
C12New ProjectF37.mkv1.jpg,1280,720,fish,353,419,431,450
RE34New ProjectM24.mkv6.jpg,1280,720,fish,889,446,966,519
impaired_5.mkv3.jpg,1280,720,fish,350,142,377,200
C12New ProjectM26.mkv5.jpg,1280,720,fish,66,415,105,471
AQ12New ProjectF28.mkv5.jpg,1280,720,fish,25,226,95,278
AQ34New Projectm1.mkv3.jpg,1280,720,fish,646,566,742,595
AQ12New ProjectF20.mkv6.jpg,1280,720,fish,880,217,971,254
impaired_Fish 2.2.mkv9.jpg,1280,720,fish,846,425,873,506
5.mkv8.jpg,1280,720,fish,923,491,961,556
impaired_7.mkv3.jpg,1280,720,fish,893,539,923,610
C12New ProjectM6.mkv4.jpg,1280,720,fish,34,184,106,226
Fish 1.2 .mkv10.jpg,1280,720,fish,618,322,684,397
C12New ProjectM19.mkv2.jpg,1280,720,fish,554,147,610,232
AQ34New ProjectF15.mkv7.jpg,1280,720,fish,1183,249,1246,292
C12New ProjectF30.mkv2.jpg,1280,720,fish,765,203,833,230
impaired_7.mkv6.jpg,1280,720,fish,873,288,913,356
AQ34New ProjectF24.mkv1.jpg,1280,720,fish,543,508,606,576
C12New ProjectF42.mkv2.jpg,1280,720,fish,560,103,595,181
AQ34New ProjectF30.mkv4.jpg,1280,720,fish,165,460,262,493
AQ34New ProjectF22.mkv2.jpg,1280,720,fish,1189,416,1246,468
C12New ProjectM25.mkv6.jpg,1280,720,fish,44,455,97,502
C12New ProjectM8.mkv3.jpg,1280,720,fish,538,107,621,168
C12New ProjectF39.mkv3.jpg,1280,720,fish,449,463,515,495
impaired_7.mkv7.jpg,1280,720,fish,886,223,910,290
impaired_7.mkv7.jpg,1280,720,fish,428,6,497,32
impaired_7.mkv7.jpg,1280,720,fish,288,8,321,29
AQ34New ProjectF21.mkv1.jpg,1280,720,fish,33,268,85,303
AQ34New ProjectM7.mkv6.jpg,1280,720,fish,1158,429,1219,504
AQ34New ProjectF25.mkv4.jpg,1280,720,fish,296,404,365,504
AQ12New ProjectM17.mkv7.jpg,1280,720,fish,424,191,495,275
AQ34New ProjectM5.mkv1.jpg,1280,720,fish,515,472,603,515
C12New ProjectF33.mkv1.jpg,1280,720,fish,41,435,100,482
AQ12New ProjectM15.mkv2.jpg,1280,720,fish,941,448,1043,496
AQ34New ProjectM16.mkv5.jpg,1280,720,fish,1129,220,1203,274
C12New ProjectM2.mkv5.jpg,1280,720,fish,150,201,255,232
AQ12New ProjectF31.mkv3.jpg,1280,720,fish,1203,380,1238,466
C12New ProjectF43.mkv2.jpg,1280,720,fish,627,124,688,148
CS34New ProjectM12.mkv6.jpg,1280,720,fish,90,483,167,515
AQ12New ProjectF10.mkv7.jpg,1280,720,fish,1192,228,1226,288
C12New ProjectF34.mkv3.jpg,1280,720,fish,50,238,109,282
impaired_6.mkv9.jpg,1280,720,fish,515,142,559,188
AQ34New ProjectM14.mkv1.jpg,1280,720,fish,712,127,760,169
UN12New ProjectF1.mkv3.jpg,1280,720,fish,951,247,1025,272
AQ12New ProjectM8.mkv3.jpg,1280,720,fish,1182,198,1254,251
AQ12New ProjectM6.mkv2.jpg,1280,720,fish,1046,225,1152,258
C12New ProjectM2.mkv2.jpg,1280,720,fish,553,452,607,557
5.mkv11.jpg,1280,720,fish,859,511,929,547
AQ34New ProjectF13.mkv2.jpg,1280,720,fish,1109,451,1167,506
CS12New ProjectF2.mkv3.jpg,1280,720,fish,1163,183,1239,209
C12New ProjectF35.mkv5.jpg,1280,720,fish,859,443,934,484
AQ12New ProjectM18.mkv3.jpg,1280,720,fish,434,267,518,298
AQ34New ProjectM8.mkv4.jpg,1280,720,fish,561,121,645,148
AQ34New ProjectM9.mkv2.jpg,1280,720,fish,999,412,1095,456
C12New ProjectM6.mkv1.jpg,1280,720,fish,158,181,226,257
5.mkv10.jpg,1280,720,fish,435,48,501,78
C12New ProjectF46.mkv6.jpg,1280,720,fish,283,239,379,283
AQ34New ProjectM10.mkv3.jpg,1920,1080,fish,1059,681,1185,781
C12New ProjectM50.mkv1.jpg,1920,1080,fish,1037,247,1144,301
AQ12New ProjectF31.mkv5.jpg,1280,720,fish,691,113,756,158
C12New ProjectM21.mkv2.jpg,1280,720,fish,441,470,539,512
AQ12New ProjectF22.mkv2.jpg,1280,720,fish,1089,421,1142,497
AQ12New ProjectM8.mkv5.jpg,1280,720,fish,1058,182,1129,231
C12New ProjectM22.mkv2.jpg,1280,720,fish,97,455,173,511
impaired_1.mkv11.jpg,1280,720,fish,365,387,394,467
AQ12New ProjectF34.mkv1.jpg,1280,720,fish,728,492,760,600
AQ12New ProjectM7.mkv2.jpg,1280,720,fish,78,286,151,310
Fish 3.2.mkv3.jpg,1280,720,fish,365,520,428,573
RE34New ProjectF5.mkv4.jpg,1280,720,fish,201,475,267,510
C12New ProjectM5.mkv7.jpg,1280,720,fish,5,416,77,460
C12New ProjectM10.mkv6.jpg,1280,720,fish,48,190,104,280
AQ34New ProjectM9.mkv3.jpg,1280,720,fish,791,414,877,483
AQ12New ProjectM3.mkv2.jpg,1280,720,fish,35,248,107,314
impaired_7.mkv2.jpg,1280,720,fish,880,516,925,571
impaired_7.mkv2.jpg,1280,720,fish,727,1,780,22
C12New ProjectF38.mkv6.jpg,1280,720,fish,92,199,125,272
AQ34New ProjectF25.mkv7.jpg,1280,720,fish,219,400,313,467
C12New ProjectM25.mkv5.jpg,1280,720,fish,1057,451,1097,499
AQ12New ProjectM8.mkv6.jpg,1280,720,fish,1019,175,1116,207
C12New ProjectM15.mkv2.jpg,1280,720,fish,948,474,1043,515
C12New ProjectM27.mkv2.jpg,1280,720,fish,533,563,578,603
C12New ProjectF36.mkv2.jpg,1280,720,fish,669,104,734,148
C12New ProjectF45.mkv4.jpg,1280,720,fish,36,207,100,264
AQ34New ProjectF28.mkv1.jpg,1280,720,fish,707,448,745,537
C12New ProjectF45.mkv3.jpg,1280,720,fish,599,526,645,592
impaired_4.mkv1.jpg,1280,720,fish,847,66,905,117
3.mkv6.jpg,1920,1080,fish,849,277,956,318
AQ34New ProjectM3.mkv3.jpg,1280,720,fish,1163,454,1228,524
1.mkv9.jpg,1280,720,fish,777,108,830,124
AQ12New ProjectF30.mkv1.jpg,1280,720,fish,1124,199,1206,242
RE12New ProjectF9.mkv2.jpg,1280,720,fish,665,436,754,479
AQ12New ProjectM16.mkv1.jpg,1280,720,fish,187,207,256,238
AQ12New ProjectM9.mkv5.jpg,1280,720,fish,603,368,701,416
impaired_3.mkv10.jpg,1280,720,fish,743,137,805,180
impaired_1.mkv7.jpg,1280,720,fish,902,305,941,374
AQ34New ProjectM5.mkv4.jpg,1280,720,fish,820,415,901,454
2.mkv3.jpg,1920,1080,fish,1069,807,1153,853
AQ34New ProjectF17.mkv5.jpg,1280,720,fish,1190,257,1255,286
AQ34New ProjectF26.mkv6.jpg,1280,720,fish,522,525,593,560
UN12New ProjectF1.mkv1.jpg,1280,720,fish,957,239,1031,275
Fish 2.2 .mkv6.jpg,1280,720,fish,701,361,749,439
AQ12New ProjectF21.mkv5.jpg,1280,720,fish,659,546,733,571
AQ12New ProjectF25.mkv7.jpg,1280,720,fish,45,466,101,532
C12New ProjectM6.mkv6.jpg,1280,720,fish,261,259,366,291
AQ12New ProjectF34.mkv7.jpg,1280,720,fish,515,119,600,149
AQ34New ProjectM7.mkv1.jpg,1280,720,fish,1011,243,1096,285
AQ12New ProjectM2.mkv3.jpg,1280,720,fish,1178,222,1243,272
C12New ProjectM21.mkv6.jpg,1280,720,fish,558,280,622,377
AQ34New ProjectM12.mkv7.jpg,1280,720,fish,1022,475,1122,519
AQ12New ProjectF34.mkv4.jpg,1280,720,fish,26,476,115,522
AQ12New ProjectM14.mkv1.jpg,1280,720,fish,309,420,370,438
C12New ProjectF42.mkv4.jpg,1280,720,fish,419,462,501,508
AQ34New ProjectF17.mkv1.jpg,1280,720,fish,1111,307,1182,339
C12New ProjectM19.mkv7.jpg,1280,720,fish,31,419,127,494
C12New ProjectF32.mkv4.jpg,1280,720,fish,540,269,606,302
C12New ProjectF33.mkv5.jpg,1280,720,fish,115,450,191,498
C12New ProjectM48.mkv6.jpg,1280,720,fish,538,540,608,592
C12New ProjectF29.mkv7.jpg,1280,720,fish,647,562,718,604
AQ12New ProjectM18.mkv7.jpg,1280,720,fish,34,478,93,519
C12New ProjectF34.mkv4.jpg,1280,720,fish,57,429,117,480
C12New ProjectM21.mkv7.jpg,1280,720,fish,401,455,513,491
4.mkv4.jpg,1280,720,fish,351,369,385,435
CS12New ProjectF1.mkv6.jpg,1280,720,fish,1215,190,1258,257
AQ12New ProjectF24.mkv1.jpg,1280,720,fish,680,380,725,442
CS12New ProjectF2.mkv1.jpg,1280,720,fish,51,199,119,263
C12New ProjectF16.mkv5.jpg,1280,720,fish,1017,208,1081,254
C12New ProjectF18.mkv6.jpg,1280,720,fish,590,94,659,123
CS12New ProjectF1.mkv1.jpg,1280,720,fish,330,203,412,233
C12New ProjectF42.mkv6.jpg,1280,720,fish,1021,200,1090,251
C12New ProjectF43.mkv4.jpg,1280,720,fish,129,453,203,480
C12New ProjectF44.mkv5.jpg,1280,720,fish,54,203,145,256
AQ34New ProjectF28.mkv5.jpg,1280,720,fish,1166,263,1226,308
C12New ProjectM20.mkv2.jpg,1280,720,fish,1201,234,1250,308
C12New ProjectF35.mkv7.jpg,1280,720,fish,272,416,318,471
impaired_Fish 2.2.mkv10.jpg,1280,720,fish,902,383,950,451
AQ34New ProjectF23.mkv3.jpg,1280,720,fish,668,540,757,592
C12New ProjectM50.mkv3.jpg,1920,1080,fish,829,153,879,238
Fish 1.2 .mkv5.jpg,1280,720,fish,866,377,937,429
2.mkv8.jpg,1920,1080,fish,1257,317,1303,416
C12New ProjectF42.mkv5.jpg,1280,720,fish,665,99,721,179
C12New ProjectF41.mkv6.jpg,1280,720,fish,143,443,202,499
impaired_2.mkv2.jpg,1920,1080,fish,873,349,951,469
AQ34New ProjectM14.mkv6.jpg,1280,720,fish,782,206,865,241
AQ34New ProjectM10.mkv1.jpg,1920,1080,fish,1182,328,1305,403
2.mkv10.jpg,1920,1080,fish,1302,711,1333,795
AQ34New ProjectF17.mkv6.jpg,1280,720,fish,1150,280,1216,312
C12New ProjectM26.mkv4.jpg,1280,720,fish,86,407,113,472
AQ12New ProjectF10.mkv6.jpg,1280,720,fish,686,112,748,151
C12New ProjectM9.mkv4.jpg,1280,720,fish,155,199,213,232
C12New ProjectM17.mkv5.jpg,1280,720,fish,165,464,225,515
AQ12New ProjectF20.mkv4.jpg,1280,720,fish,538,519,594,596
AQ12New ProjectM6.mkv6.jpg,1280,720,fish,1137,178,1219,238
AQ34New ProjectF21.mkv2.jpg,1280,720,fish,1171,506,1229,526
C12New ProjectF32.mkv7.jpg,1280,720,fish,113,258,193,285
C12New ProjectF16.mkv2.jpg,1280,720,fish,58,203,93,264
C12New ProjectF38.mkv5.jpg,1280,720,fish,557,115,613,192
AQ12New ProjectF12.mkv5.jpg,1280,720,fish,515,119,571,142
impaired_3.mkv3.jpg,1280,720,fish,919,257,962,327
AQ12New ProjectM17.mkv2.jpg,1280,720,fish,1081,464,1178,505
AQ12New ProjectM16.mkv4.jpg,1280,720,fish,35,234,100,276
C12New ProjectF29.mkv5.jpg,1280,720,fish,541,576,609,607
C12New ProjectF46.mkv1.jpg,1280,720,fish,582,482,633,546
AQ12New ProjectM11.mkv5.jpg,1280,720,fish,713,533,774,592
C12New ProjectM51.mkv5.jpg,1920,1080,fish,70,615,213,738
C12New ProjectM17.mkv4.jpg,1280,720,fish,1171,426,1263,472
AQ12New ProjectM14.mkv4.jpg,1280,720,fish,795,204,856,263
AQ12New ProjectM33.mkv7.jpg,1280,720,fish,521,551,606,591
C12New ProjectM27.mkv6.jpg,1280,720,fish,696,570,764,599
AQ34New ProjectM2.mkv5.jpg,1280,720,fish,165,200,267,237
Fish 3.2.mkv11.jpg,1280,720,fish,418,57,475,135
UN12New ProjectF1.mkv2.jpg,1280,720,fish,953,246,1030,278
C12New ProjectF16.mkv3.jpg,1280,720,fish,425,250,503,279
AQ12New ProjectF26.mkv7.jpg,1280,720,fish,42,467,95,530
C12New ProjectF30.mkv5.jpg,1280,720,fish,990,439,1058,466
AQ34New ProjectF30.mkv6.jpg,1280,720,fish,34,198,129,224
AQ34New ProjectF13.mkv4.jpg,1280,720,fish,31,198,89,242
AQ12New ProjectF30.mkv2.jpg,1280,720,fish,522,115,597,140
CS12New ProjectF1.mkv5.jpg,1280,720,fish,1198,231,1255,278
C12New ProjectM24.mkv4.jpg,1280,720,fish,382,213,467,260
C12New ProjectF44.mkv4.jpg,1280,720,fish,61,243,119,274
C12New ProjectM6.mkv2.jpg,1280,720,fish,45,182,114,259
AQ12New ProjectM3.mkv1.jpg,1280,720,fish,38,234,128,274
Fish 5.2 .mkv3.jpg,1280,720,fish,603,195,678,236
C12New ProjectM48.mkv3.jpg,1280,720,fish,561,464,641,511
Fish 4.2.mkv11.jpg,1280,720,fish,696,453,748,516
C12New ProjectF31.mkv1.jpg,1280,720,fish,56,442,99,511
C12New ProjectM25.mkv2.jpg,1280,720,fish,298,188,331,255
C12New ProjectM2.mkv1.jpg,1280,720,fish,966,245,1059,322
AQ12New ProjectM11.mkv1.jpg,1280,720,fish,535,544,624,580
AQ12New ProjectM13.mkv6.jpg,1280,720,fish,29,235,122,300
C12New ProjectF14.mkv1.jpg,1280,720,fish,629,280,698,307
AQ34New ProjectM18.mkv7.jpg,1280,720,fish,1132,200,1211,236
4.mkv9.jpg,1280,720,fish,404,471,442,537
4.mkv9.jpg,1280,720,fish,1000,314,1042,367
AQ34New ProjectF21.mkv3.jpg,1280,720,fish,1137,227,1178,277
Fish 5.2 .mkv2.jpg,1280,720,fish,549,164,626,202
3.mkv3.jpg,1920,1080,fish,612,911,722,958
C12New ProjectM47.mkv6.jpg,1280,720,fish,653,315,743,379
C12New ProjectM11.mkv1.jpg,1280,720,fish,1202,251,1271,293
Fish 4.2.mkv3.jpg,1280,720,fish,877,416,913,488
C12New ProjectM1.mkv1.jpg,1280,720,fish,14,488,67,531
AQ34New ProjectF17.mkv4.jpg,1280,720,fish,1159,233,1226,278
C12New ProjectM25.mkv4.jpg,1280,720,fish,225,463,271,505
C12New ProjectM27.mkv5.jpg,1280,720,fish,1023,476,1093,519
AQ34New ProjectF28.mkv4.jpg,1280,720,fish,1202,206,1248,272
C12New ProjectF18.mkv1.jpg,1280,720,fish,55,202,114,272
impaired_4.mkv7.jpg,1280,720,fish,895,87,924,156
AQ12New ProjectF19.mkv4.jpg,1280,720,fish,69,470,110,522
C12New ProjectM25.mkv7.jpg,1280,720,fish,110,465,156,504
2.mkv11.jpg,1920,1080,fish,777,625,859,665
C12New ProjectM20.mkv1.jpg,1280,720,fish,753,206,831,281
AQ34New ProjectF21.mkv4.jpg,1280,720,fish,1048,228,1097,266
Fish 3.2.mkv8.jpg,1280,720,fish,323,48,363,107
AQ34New ProjectM9.mkv5.jpg,1280,720,fish,1094,216,1134,303
AQ12New ProjectM13.mkv7.jpg,1280,720,fish,1191,397,1251,481
AQ34New ProjectM7.mkv2.jpg,1280,720,fish,1185,266,1233,319
C12New ProjectM52.mkv1.jpg,1920,1080,fish,801,147,901,205
AQ12New ProjectF26.mkv1.jpg,1280,720,fish,227,491,303,522
AQ34New ProjectF25.mkv1.jpg,1280,720,fish,1127,480,1233,515
C12New ProjectM4.mkv3.jpg,1280,720,fish,531,124,635,167
AQ12New ProjectF12.mkv4.jpg,1280,720,fish,522,116,550,186
C12New ProjectF34.mkv1.jpg,1280,720,fish,129,462,206,503
C12New ProjectF16.mkv4.jpg,1280,720,fish,502,217,579,246
AQ12New ProjectF21.mkv1.jpg,1280,720,fish,531,556,597,592
RE12New ProjectM6.mkv4.jpg,1280,720,fish,638,184,677,247
C12New ProjectF38.mkv1.jpg,1280,720,fish,575,130,613,202
AQ34New ProjectM3.mkv2.jpg,1280,720,fish,1135,436,1225,490
C12New ProjectF46.mkv2.jpg,1280,720,fish,59,387,125,447
AQ12New ProjectM16.mkv3.jpg,1280,720,fish,42,246,96,291
C12New ProjectF18.mkv4.jpg,1280,720,fish,720,92,767,145
impaired_1.mkv10.jpg,1280,720,fish,442,622,520,658
CS34New ProjectF18.mkv5.jpg,1280,720,fish,24,386,79,461
CS12New ProjectF2.mkv4.jpg,1280,720,fish,301,471,383,507
impaired_6.mkv8.jpg,1280,720,fish,354,179,391,232
C12New ProjectM50.mkv2.jpg,1920,1080,fish,106,263,197,344
AQ34New ProjectF13.mkv5.jpg,1280,720,fish,51,193,77,278
AQ34New ProjectM7.mkv5.jpg,1280,720,fish,505,466,581,499
Fish 2.2 .mkv9.jpg,1280,720,fish,758,380,813,446
CS34New ProjectF18.mkv4.jpg,1280,720,fish,641,309,715,393
impaired_5.mkv9.jpg,1280,720,fish,501,384,534,439
4.mkv1.jpg,1280,720,fish,663,604,730,629
C12New ProjectF14.mkv5.jpg,1280,720,fish,592,288,636,351
C12New ProjectF37.mkv4.jpg,1280,720,fish,721,153,759,202
C12New ProjectM8.mkv1.jpg,1280,720,fish,720,521,771,607
C12New ProjectF31.mkv7.jpg,1280,720,fish,43,420,130,474
AQ12New ProjectM11.mkv3.jpg,1280,720,fish,894,414,979,468
C12New ProjectF30.mkv1.jpg,1280,720,fish,65,190,119,234
AQ12New ProjectF34.mkv2.jpg,1280,720,fish,313,429,414,457
AQ12New ProjectM4.mkv6.jpg,1280,720,fish,675,129,754,154
AQ12New ProjectF21.mkv3.jpg,1280,720,fish,1046,482,1118,505
impaired_4.mkv6.jpg,1280,720,fish,839,51,906,78
C12New ProjectM10.mkv1.jpg,1280,720,fish,641,106,742,143
impaired_2.mkv5.jpg,1920,1080,fish,1130,69,1259,105
C12New ProjectF33.mkv3.jpg,1280,720,fish,474,431,559,470
C12New ProjectF33.mkv2.jpg,1280,720,fish,40,194,105,255
AQ34New ProjectM7.mkv7.jpg,1280,720,fish,1143,474,1216,526
C12New ProjectM22.mkv3.jpg,1280,720,fish,190,407,286,433
AQ12New ProjectM2.mkv7.jpg,1280,720,fish,649,123,750,153
AQ34New ProjectM8.mkv2.jpg,1280,720,fish,23,235,121,283
impaired_7.mkv8.jpg,1280,720,fish,885,530,924,591
AQ12New ProjectF31.mkv4.jpg,1280,720,fish,1033,466,1110,503
AQ12New ProjectM6.mkv3.jpg,1280,720,fish,1177,178,1235,248
AQ12New ProjectF23.mkv3.jpg,1280,720,fish,152,275,214,306
C12New ProjectM49.mkv4.jpg,1920,1080,fish,1030,780,1144,888
RE34New ProjectF32.mkv3.jpg,1280,720,fish,318,232,387,272
C12New ProjectF45.mkv6.jpg,1280,720,fish,705,187,765,244
impaired_2.mkv3.jpg,1920,1080,fish,1077,286,1184,355
C12New ProjectM23.mkv5.jpg,1280,720,fish,565,534,635,575
AQ12New ProjectF24.mkv3.jpg,1280,720,fish,573,208,627,242
AQ12New ProjectF32.mkv5.jpg,1280,720,fish,689,109,750,143
AQ34New ProjectM2.mkv2.jpg,1280,720,fish,342,229,416,313
CS34New ProjectF2.mkv3.jpg,1280,720,fish,589,424,631,510
impaired_7.mkv5.jpg,1280,720,fish,839,91,903,119
impaired_6.mkv3.jpg,1280,720,fish,335,370,369,431
Fish 2.2 .mkv2.jpg,1280,720,fish,748,403,796,481
C12New ProjectM21.mkv1.jpg,1280,720,fish,210,458,321,514
impaired_2.mkv11.jpg,1920,1080,fish,721,387,822,470
RE34New ProjectF5.mkv1.jpg,1280,720,fish,790,247,862,278
C12New ProjectM28.mkv3.jpg,1280,720,fish,653,117,715,139
C12New ProjectF44.mkv7.jpg,1280,720,fish,63,214,151,254
impaired_Fish 2.2.mkv11.jpg,1280,720,fish,883,111,927,190
AQ34New ProjectF22.mkv5.jpg,1280,720,fish,845,276,914,300
Fish 5.2 .mkv6.jpg,1280,720,fish,442,104,525,144
Fish 1.2 .mkv6.jpg,1280,720,fish,808,535,883,568
C12New ProjectM21.mkv5.jpg,1280,720,fish,693,521,772,586
impaired_3.mkv6.jpg,1280,720,fish,909,304,941,364
C12New ProjectM17.mkv1.jpg,1280,720,fish,607,154,660,239
C12New ProjectM47.mkv3.jpg,1280,720,fish,332,431,407,506
AQ34New ProjectM3.mkv4.jpg,1280,720,fish,1179,474,1234,526
AQ12New ProjectF25.mkv5.jpg,1280,720,fish,79,468,135,530
C12New ProjectF41.mkv3.jpg,1280,720,fish,313,418,367,469
C12New ProjectF40.mkv2.jpg,1280,720,fish,1063,189,1130,240
C12New ProjectM9.mkv2.jpg,1280,720,fish,1131,218,1214,252
C12New ProjectM50.mkv5.jpg,1920,1080,fish,818,792,872,879
AQ34New ProjectF19.mkv5.jpg,1280,720,fish,329,264,368,303
impaired_5.mkv6.jpg,1280,720,fish,671,145,733,183
AQ12New ProjectF28.mkv7.jpg,1280,720,fish,715,155,757,234
C12New ProjectM20.mkv5.jpg,1280,720,fish,438,230,537,286
1.mkv8.jpg,1280,720,fish,578,306,631,331
C12New ProjectM6.mkv3.jpg,1280,720,fish,462,175,565,220
C12New ProjectM13.mkv6.jpg,1280,720,fish,70,192,156,238
C12New ProjectF32.mkv1.jpg,1280,720,fish,193,430,266,471
C12New ProjectM1.mkv6.jpg,1280,720,fish,199,489,261,532
AQ34New ProjectF27.mkv2.jpg,1280,720,fish,62,280,133,316
Fish 2.2 .mkv3.jpg,1280,720,fish,698,355,749,427
C12New ProjectF34.mkv6.jpg,1280,720,fish,1003,466,1074,507
CS34New ProjectM12.mkv4.jpg,1280,720,fish,581,525,638,586
AQ12New ProjectF26.mkv2.jpg,1280,720,fish,97,494,171,528
C12New ProjectF36.mkv6.jpg,1280,720,fish,1099,254,1176,282
AQ34New ProjectF15.mkv1.jpg,1280,720,fish,1181,293,1241,324
impaired_6.mkv5.jpg,1280,720,fish,645,478,707,510
C12New ProjectM7.mkv3.jpg,1280,720,fish,392,423,475,460
C12New ProjectM27.mkv1.jpg,1280,720,fish,994,466,1046,524
C12New ProjectM11.mkv6.jpg,1280,720,fish,305,462,382,492
Fish 2.2 .mkv8.jpg,1280,720,fish,662,482,716,545
C12New ProjectM17.mkv6.jpg,1280,720,fish,622,509,708,574
C12New ProjectF16.mkv7.jpg,1280,720,fish,209,191,286,216
C12New ProjectM26.mkv2.jpg,1280,720,fish,61,404,118,431
C12New ProjectM1.mkv3.jpg,1280,720,fish,458,453,550,514
AQ12New ProjectF28.mkv1.jpg,1280,720,fish,550,116,630,165
AQ12New ProjectF27.mkv2.jpg,1280,720,fish,99,491,170,528
3.mkv2.jpg,1920,1080,fish,666,836,756,898
Fish 1.2 .mkv9.jpg,1280,720,fish,314,59,402,97
AQ34New ProjectF27.mkv6.jpg,1280,720,fish,1115,300,1180,334
AQ34New ProjectM4.mkv4.jpg,1280,720,fish,570,485,623,584
AQ12New ProjectM3.mkv3.jpg,1280,720,fish,18,193,89,247
C12New ProjectM12.mkv6.jpg,1280,720,fish,1172,234,1241,279
C12New ProjectM26.mkv3.jpg,1280,720,fish,824,250,896,275
AQ12New ProjectM4.mkv1.jpg,1280,720,fish,1035,206,1121,231
AQ12New ProjectF25.mkv2.jpg,1280,720,fish,99,498,177,528
AQ12New ProjectF20.mkv1.jpg,1280,720,fish,997,243,1087,287
AQ12New ProjectM6.mkv4.jpg,1280,720,fish,1175,187,1231,263
C12New ProjectM19.mkv4.jpg,1280,720,fish,31,407,119,483
CS12New ProjectF2.mkv7.jpg,1280,720,fish,543,100,634,135
AQ12New ProjectM14.mkv3.jpg,1280,720,fish,627,109,708,146
AQ12New ProjectF34.mkv3.jpg,1280,720,fish,40,434,133,483
impaired_5.mkv11.jpg,1280,720,fish,382,63,434,95
AQ12New ProjectF12.mkv2.jpg,1280,720,fish,511,115,565,144
AQ12New ProjectF24.mkv5.jpg,1280,720,fish,955,204,1012,230
AQ34New ProjectM18.mkv6.jpg,1280,720,fish,26,225,82,278
C12New ProjectM7.mkv1.jpg,1280,720,fish,943,217,1032,247
C12New ProjectM15.mkv1.jpg,1280,720,fish,413,256,518,292
5.mkv9.jpg,1280,720,fish,489,584,537,643
AQ12New ProjectM7.mkv7.jpg,1280,720,fish,59,417,105,472
C12New ProjectM51.mkv3.jpg,1920,1080,fish,1476,693,1612,758
AQ12New ProjectF10.mkv5.jpg,1280,720,fish,1186,211,1240,256
C12New ProjectM20.mkv3.jpg,1280,720,fish,734,130,775,232
C12New ProjectM22.mkv6.jpg,1280,720,fish,718,210,773,280
C12New ProjectM15.mkv4.jpg,1280,720,fish,57,411,114,498
3.mkv10.jpg,1920,1080,fish,758,383,861,451
C12New ProjectM13.mkv1.jpg,1280,720,fish,895,211,966,274
C12New ProjectF14.mkv6.jpg,1280,720,fish,538,119,622,151
C12New ProjectM2.mkv7.jpg,1280,720,fish,560,354,634,446
AQ34New ProjectM7.mkv3.jpg,1280,720,fish,654,511,697,592
C12New ProjectF33.mkv6.jpg,1280,720,fish,565,564,606,605
impaired_3.mkv4.jpg,1280,720,fish,472,212,512,271
AQ34New ProjectF30.mkv1.jpg,1280,720,fish,339,463,425,499
RE12New ProjectM6.mkv6.jpg,1280,720,fish,662,283,697,352
C12New ProjectM49.mkv6.jpg,1920,1080,fish,110,317,186,431
C34New ProjectF22.mkv1.jpg,1280,720,fish,520,530,582,576
AQ12New ProjectM9.mkv4.jpg,1280,720,fish,593,536,689,577
RE34New ProjectM24.mkv3.jpg,1280,720,fish,359,215,445,280
AQ34New ProjectM2.mkv7.jpg,1280,720,fish,702,230,807,268
AQ34New ProjectM12.mkv2.jpg,1280,720,fish,759,237,857,274
AQ12New ProjectM5.mkv7.jpg,1280,720,fish,102,415,183,459
AQ12New ProjectF21.mkv6.jpg,1280,720,fish,1202,386,1229,460
AQ12New ProjectF34.mkv6.jpg,1280,720,fish,37,212,111,295
C12New ProjectF46.mkv7.jpg,1280,720,fish,547,491,595,578
AQ34New ProjectM2.mkv1.jpg,1280,720,fish,330,243,421,314
CS34New ProjectF2.mkv2.jpg,1280,720,fish,582,460,662,519
C12New ProjectF30.mkv6.jpg,1280,720,fish,675,104,729,129
2.mkv7.jpg,1920,1080,fish,954,85,1042,126
AQ12New ProjectM7.mkv4.jpg,1280,720,fish,102,416,161,464
impaired_1.mkv2.jpg,1280,720,fish,418,619,489,657
C12New ProjectF43.mkv7.jpg,1280,720,fish,261,424,330,462
C12New ProjectM10.mkv4.jpg,1280,720,fish,530,103,602,137
C12New ProjectM28.mkv4.jpg,1280,720,fish,649,117,705,138
AQ12New ProjectF22.mkv1.jpg,1280,720,fish,582,407,678,455
AQ34New ProjectM11.mkv7.jpg,1280,720,fish,1167,216,1226,296
AQ34New ProjectF19.mkv3.jpg,1280,720,fish,92,236,122,296
AQ34New ProjectF25.mkv3.jpg,1280,720,fish,645,452,743,513
C12New ProjectF46.mkv3.jpg,1280,720,fish,46,402,125,450
AQ12New ProjectF19.mkv3.jpg,1280,720,fish,1064,469,1125,501
AQ12New ProjectF23.mkv6.jpg,1280,720,fish,528,538,605,591
AQ12New ProjectM6.mkv7.jpg,1280,720,fish,614,511,666,606
AQ12New ProjectM3.mkv5.jpg,1280,720,fish,33,205,114,266
AQ34New ProjectF15.mkv4.jpg,1280,720,fish,1183,256,1251,284
AQ34New Projectm1.mkv1.jpg,1280,720,fish,676,172,759,217
AQ34New ProjectF15.mkv2.jpg,1280,720,fish,942,222,998,265
C12New ProjectF46.mkv4.jpg,1280,720,fish,63,207,130,248
AQ12New ProjectM4.mkv5.jpg,1280,720,fish,868,212,961,237
CS34New ProjectF18.mkv1.jpg,1280,720,fish,1012,233,1115,276
C12New ProjectM2.mkv6.jpg,1280,720,fish,66,211,142,293
AQ12New ProjectM11.mkv2.jpg,1280,720,fish,934,390,1021,440
AQ12New ProjectM33.mkv3.jpg,1280,720,fish,703,509,759,555
AQ34New ProjectF24.mkv6.jpg,1280,720,fish,1126,206,1198,231
C12New ProjectM11.mkv5.jpg,1280,720,fish,597,521,657,578
AQ12New ProjectM9.mkv3.jpg,1280,720,fish,595,536,689,578
RE12New ProjectM6.mkv3.jpg,1280,720,fish,413,258,486,290
AQ12New ProjectM5.mkv5.jpg,1280,720,fish,436,421,521,467
UN34New ProjectF3.mkv2.jpg,1280,720,fish,569,511,644,582
C12New ProjectM3.mkv1.jpg,1280,720,fish,55,484,117,528
C12New ProjectM17.mkv7.jpg,1280,720,fish,629,549,736,587
AQ34New ProjectF20.mkv3.jpg,1280,720,fish,651,119,720,151
UN34New ProjectF3.mkv6.jpg,1280,720,fish,371,479,449,514
AQ34New ProjectM10.mkv6.jpg,1920,1080,fish,1196,349,1339,393
C12New ProjectM22.mkv5.jpg,1280,720,fish,325,434,399,496
AQ34New ProjectM10.mkv5.jpg,1920,1080,fish,234,276,357,333
AQ12New ProjectM15.mkv7.jpg,1280,720,fish,1196,170,1252,266
C12New ProjectM23.mkv4.jpg,1280,720,fish,730,526,769,575
C12New ProjectM48.mkv4.jpg,1280,720,fish,58,403,114,458
4.mkv5.jpg,1280,720,fish,537,632,610,655
AQ34New ProjectF23.mkv7.jpg,1280,720,fish,543,374,590,480
C12New ProjectM12.mkv5.jpg,1280,720,fish,685,101,759,154
3.mkv7.jpg,1920,1080,fish,549,853,654,927
AQ34New ProjectF24.mkv3.jpg,1280,720,fish,424,242,507,272
C12New ProjectF42.mkv3.jpg,1280,720,fish,703,531,748,613
5.mkv2.jpg,1280,720,fish,356,145,398,189
Fish 4.2.mkv6.jpg,1280,720,fish,729,401,775,467
AQ12New ProjectM3.mkv7.jpg,1280,720,fish,37,237,124,298
AQ34New ProjectM10.mkv2.jpg,1920,1080,fish,1128,339,1251,433
AQ34New ProjectF29.mkv3.jpg,1280,720,fish,1165,491,1241,527
C12New ProjectM4.mkv1.jpg,1280,720,fish,131,188,237,220
AQ12New ProjectM1.mkv7.jpg,1280,720,fish,142,415,230,456
AQ34New ProjectF23.mkv1.jpg,1280,720,fish,39,231,147,269
5.mkv3.jpg,1280,720,fish,374,189,425,227
AQ12New ProjectF28.mkv2.jpg,1280,720,fish,33,251,91,314
AQ12New ProjectM2.mkv1.jpg,1280,720,fish,548,543,652,579
2.mkv9.jpg,1920,1080,fish,975,579,1035,665
C12New ProjectM24.mkv5.jpg,1280,720,fish,446,240,526,303
RE34New ProjectF32.mkv1.jpg,1280,720,fish,429,211,477,252
C12New ProjectM5.mkv1.jpg,1280,720,fish,627,555,695,604
AQ12New ProjectF23.mkv5.jpg,1280,720,fish,518,476,589,554
AQ12New ProjectF25.mkv3.jpg,1280,720,fish,170,496,253,528
Fish 5.2 .mkv11.jpg,1280,720,fish,322,50,383,119
UN34New ProjectF3.mkv5.jpg,1280,720,fish,108,271,204,302
UN34New ProjectF5.mkv2.jpg,1280,720,fish,692,518,746,589
C12New ProjectF41.mkv7.jpg,1280,720,fish,70,420,141,465
AQ34New ProjectF23.mkv2.jpg,1280,720,fish,221,253,330,290
RE34New ProjectM24.mkv5.jpg,1280,720,fish,516,409,552,502
